app,appLabel,sitelinks
http://www.wikidata.org/entity/Q8093,Nintendo,131
http://www.wikidata.org/entity/Q43449,Creative Commons,105
http://www.wikidata.org/entity/Q173496,Marvel Comics,91
http://www.wikidata.org/entity/Q193563,Bibliothèque nationale de France,90
http://www.wikidata.org/entity/Q123885,Royal Society,89
http://www.wikidata.org/entity/Q160236,Metropolitan Museum of Art,86
http://www.wikidata.org/entity/Q125761,Internationella civila luftfartsorganisationen,84
http://www.wikidata.org/entity/Q31519,Karlsuniversitetet,83
http://www.wikidata.org/entity/Q36989,Pardubice,81
http://www.wikidata.org/entity/Q33438,Internationella kemiunionen,78
http://www.wikidata.org/entity/Q485240,Billboard,78
http://www.wikidata.org/entity/Q193559,Valve Corporation,74
http://www.wikidata.org/entity/Q122741,Sega,73
http://www.wikidata.org/entity/Q11942,ETH Zürich,72
http://www.wikidata.org/entity/Q188822,Asiatiska utvecklingsbanken,72
http://www.wikidata.org/entity/Q173941,Electronic Arts,70
http://www.wikidata.org/entity/Q131566,Institute of Electrical and Electronics Engineers,69
http://www.wikidata.org/entity/Q167186,National Geographic Society,67
http://www.wikidata.org/entity/Q94912,Q94912,66
http://www.wikidata.org/entity/Q83172,Rysslands Vetenskapsakademi,66
http://www.wikidata.org/entity/Q103665,Junior Eurovision Song Contest,66
http://www.wikidata.org/entity/Q156591,Yad Vashem,64
http://www.wikidata.org/entity/Q188273,Q188273,63
http://www.wikidata.org/entity/Q178824,Blizzard Entertainment,63
http://www.wikidata.org/entity/Q217595,Oxford University Press,63
http://www.wikidata.org/entity/Q151107,Michelin,61
http://www.wikidata.org/entity/Q152171,Bonns universitet,61
http://www.wikidata.org/entity/Q214867,National Gallery of Art,59
http://www.wikidata.org/entity/Q14428,Capcom,57
http://www.wikidata.org/entity/Q45700,Konami,57
http://www.wikidata.org/entity/Q200491,Activision,57
http://www.wikidata.org/entity/Q217365,Bell Labs,57
http://www.wikidata.org/entity/Q219615,Barcelonas universitet,57
http://www.wikidata.org/entity/Q217305,The New Yorker,56
http://www.wikidata.org/entity/Q206959,San Remo-festivalen,56
http://www.wikidata.org/entity/Q739711,Epic Games,53
http://www.wikidata.org/entity/Q270794,National Academy of Sciences,53
http://www.wikidata.org/entity/Q472311,International Organization for Migration,52
http://www.wikidata.org/entity/Q59456966,Oscarsgalan 2019,52
http://www.wikidata.org/entity/Q18594,Sony Interactive Entertainment,51
http://www.wikidata.org/entity/Q1438774,Supercell,51
http://www.wikidata.org/entity/Q58884,Melodifestivalen,51
http://www.wikidata.org/entity/Q207784,Square Enix,50
http://www.wikidata.org/entity/Q207922,Atari,50
http://www.wikidata.org/entity/Q498407,Lettlands universitet,50
http://www.wikidata.org/entity/Q24636843,Oscarsgalan 2018,50
http://www.wikidata.org/entity/Q223703,MTV Video Music Awards,49
http://www.wikidata.org/entity/Q503415,University of Maryland,47
http://www.wikidata.org/entity/Q217493,Paradox Interactive,45
http://www.wikidata.org/entity/Q763586,Masarykuniversitetet,45
http://www.wikidata.org/entity/Q35438,The Jerusalem Post,45
http://www.wikidata.org/entity/Q844822,Shueisha,45
http://www.wikidata.org/entity/Q208305,Commodore,44
http://www.wikidata.org/entity/Q684425,Bethesda Softworks,44
http://www.wikidata.org/entity/Q127992,Association for Computing Machinery,44
http://www.wikidata.org/entity/Q262760,École polytechnique fédérale de Lausanne,43
http://www.wikidata.org/entity/Q460173,Q460173,43
http://www.wikidata.org/entity/Q52413,University of Kansas,43
http://www.wikidata.org/entity/Q64885,Grekisk-melkitiska katolska kyrkan,43
http://www.wikidata.org/entity/Q850676,Blansko,43
http://www.wikidata.org/entity/Q309996,Namco,42
http://www.wikidata.org/entity/Q332869,Filmfestivalen i Karlovy Vary,42
http://www.wikidata.org/entity/Q153012,Universität Potsdam,42
http://www.wikidata.org/entity/Q726081,Kōdansha,41
http://www.wikidata.org/entity/Q188112,Nationalmuseet i Prag,41
http://www.wikidata.org/entity/Q1508259,Routledge,41
http://www.wikidata.org/entity/Q31426,America's Next Top Model,40
http://www.wikidata.org/entity/Q110145,MTV Movie Awards,40
http://www.wikidata.org/entity/Q744182,Random House,39
http://www.wikidata.org/entity/Q333705,Technion,39
http://www.wikidata.org/entity/Q585329,Merriam-Webster,39
http://www.wikidata.org/entity/Q1756332,Simon & Schuster,39
http://www.wikidata.org/entity/Q839150,Ellen DeGeneres Show,38
http://www.wikidata.org/entity/Q2108217,Macmillan Publishers,38
http://www.wikidata.org/entity/Q216611,Lucasarts,37
http://www.wikidata.org/entity/Q466587,American Psychological Association,37
http://www.wikidata.org/entity/Q1156046,The Pokémon Company,36
http://www.wikidata.org/entity/Q507269,Bandai,36
http://www.wikidata.org/entity/Q273819,Gallimard,36
http://www.wikidata.org/entity/Q176916,Springer Science+Business Media,36
http://www.wikidata.org/entity/Q1008696,Rožnov pod Radhoštěm,36
http://www.wikidata.org/entity/Q169844,RuPaul's Drag Race,36
http://www.wikidata.org/entity/Q785697,Shōgakukan,35
http://www.wikidata.org/entity/Q1247544,University of Westminster,35
http://www.wikidata.org/entity/Q215386,Eurovision Dance Contest,35
http://www.wikidata.org/entity/Q1336200,Penguin Books,35
http://www.wikidata.org/entity/Q629821,Obsidian Entertainment,34
http://www.wikidata.org/entity/Q94937,2K Games,34
http://www.wikidata.org/entity/Q1194689,Bandai Namco Entertainment,34
http://www.wikidata.org/entity/Q373933,Dark Horse Comics,34
http://www.wikidata.org/entity/Q49122,Harvard Law School,34
http://www.wikidata.org/entity/Q4431988,The X Factor,34
http://www.wikidata.org/entity/Q15089348,Türkvizyon Song Contest,34
http://www.wikidata.org/entity/Q465616,Jackass,34
http://www.wikidata.org/entity/Q494614,Sierra Entertainment,33
http://www.wikidata.org/entity/Q273835,Éditions Larousse,33
http://www.wikidata.org/entity/Q190414,TsAGI,33
http://www.wikidata.org/entity/Q571293,Université Sorbonne Nouvelle,33
http://www.wikidata.org/entity/Q876787,Heritage Foundation,33
http://www.wikidata.org/entity/Q1916402,Pearson plc,33
http://www.wikidata.org/entity/Q1141267,Thomson Reuters,33
http://www.wikidata.org/entity/Q1054765,Kadokawa Shoten,33
http://www.wikidata.org/entity/Q521096,Pride Fighting Championships,33
http://www.wikidata.org/entity/Q913672,San Francisco Museum of Modern Art,33
http://www.wikidata.org/entity/Q2072376,Official Charts Company,33
http://www.wikidata.org/entity/Q5428986,Humanistiska fakulteten,33
http://www.wikidata.org/entity/Q1141245,Insomniac Games,32
http://www.wikidata.org/entity/Q3077586,Bilibili,32
http://www.wikidata.org/entity/Q1054844,Taito,32
http://www.wikidata.org/entity/Q105198,Veselí nad Moravou,32
http://www.wikidata.org/entity/Q824192,The Daily Show,32
http://www.wikidata.org/entity/Q98274039,American Song Contest,32
http://www.wikidata.org/entity/Q1000078,Moravská Třebová,32
http://www.wikidata.org/entity/Q1479654,John Wiley & Sons,32
http://www.wikidata.org/entity/Q1329478,Tjeckiens tekniska universitet,32
http://www.wikidata.org/entity/Q936287,English Heritage,32
http://www.wikidata.org/entity/Q580866,THQ,31
http://www.wikidata.org/entity/Q605401,Condé Nast,31
http://www.wikidata.org/entity/Q657415,Cleveland Museum of Art,31
http://www.wikidata.org/entity/Q349566,Hachette,31
http://www.wikidata.org/entity/Q341134,Česká televize,31
http://www.wikidata.org/entity/Q466113,American Physical Society,31
http://www.wikidata.org/entity/Q955609,Universitetet i Ferrara,31
http://www.wikidata.org/entity/Q917031,Brill,31
http://www.wikidata.org/entity/Q1464509,National Gallery of Victoria,31
http://www.wikidata.org/entity/Q1251563,Doubleday,31
http://www.wikidata.org/entity/Q4115772,The Voice,31
http://www.wikidata.org/entity/Q3803707,Istituto Centrale per il Catalogo Unico,31
http://www.wikidata.org/entity/Q905549,Royal Society of Chemistry,31
http://www.wikidata.org/entity/Q36001,WWE Hall of Fame,31
http://www.wikidata.org/entity/Q1637611,Palacký-universitetet,31
http://www.wikidata.org/entity/Q23901,Codemasters,30
http://www.wikidata.org/entity/Q628249,Interplay Entertainment,30
http://www.wikidata.org/entity/Q660288,Viz Media,30
http://www.wikidata.org/entity/Q578326,Jyväskylä universitet,30
http://www.wikidata.org/entity/Q1122595,Field Museum,30
http://www.wikidata.org/entity/Q163569,Nickelodeon Kids' Choice Awards,30
http://www.wikidata.org/entity/Q898067,Watch Tower Bible and Tract Society of Pennsylvania,30
http://www.wikidata.org/entity/Q1028334,Cambridges universitetsbibliotek,30
http://www.wikidata.org/entity/Q930414,Top of the Pops,30
http://www.wikidata.org/entity/Q1383563,Telltale Games,29
http://www.wikidata.org/entity/Q795228,National Gallery of Australia,29
http://www.wikidata.org/entity/Q463435,American Astronomical Society,29
http://www.wikidata.org/entity/Q1232428,Baskiens universitet,29
http://www.wikidata.org/entity/Q467561,America's Got Talent,29
http://www.wikidata.org/entity/Q880582,Taylor & Francis,29
http://www.wikidata.org/entity/Q122848967,81st Golden Globe Awards,29
http://www.wikidata.org/entity/Q126903106,82nd Golden Globe Awards,29
http://www.wikidata.org/entity/Q2081494,The Ed Sullivan Show,29
http://www.wikidata.org/entity/Q1645059,Johns Hopkins University Press,29
http://www.wikidata.org/entity/Q304795,Melodi Grand Prix,29
http://www.wikidata.org/entity/Q267427,Humble Bundle,28
http://www.wikidata.org/entity/Q372471,Wargaming.net,28
http://www.wikidata.org/entity/Q513712,Pony Canyon,28
http://www.wikidata.org/entity/Q587270,Games Workshop,28
http://www.wikidata.org/entity/Q1105202,Cochrane Collaboration,28
http://www.wikidata.org/entity/Q37276325,Eurovision Song Contest Asia,28
http://www.wikidata.org/entity/Q2985460,Comité flamand de France,28
http://www.wikidata.org/entity/Q497935,What? Where? When?,28
http://www.wikidata.org/entity/Q954854,Sokol,28
http://www.wikidata.org/entity/Q1135204,Wizards of the Coast,27
http://www.wikidata.org/entity/Q780528,Q780528,27
http://www.wikidata.org/entity/Q1046593,Gearbox Software,27
http://www.wikidata.org/entity/Q2319420,Warner Bros. Interactive Entertainment,27
http://www.wikidata.org/entity/Q1425861,GSC Game World,27
http://www.wikidata.org/entity/Q581954,University of Zimbabwe,27
http://www.wikidata.org/entity/Q465697,American Medical Association,27
http://www.wikidata.org/entity/Q89123741,Eurovision: Europe Shine a Light,27
http://www.wikidata.org/entity/Q94527193,Star Trek: Strange New Worlds,27
http://www.wikidata.org/entity/Q1457468,THQ Nordic,26
http://www.wikidata.org/entity/Q62513347,Apple Arcade,26
http://www.wikidata.org/entity/Q483036,NCsoft,26
http://www.wikidata.org/entity/Q1481820,Virgin Interactive,26
http://www.wikidata.org/entity/Q1049502,Hudson Soft,26
http://www.wikidata.org/entity/Q28686397,miHoYo,26
http://www.wikidata.org/entity/Q1355060,Miniclip,26
http://www.wikidata.org/entity/Q289953,ADAC,26
http://www.wikidata.org/entity/Q1887879,University of San Francisco,26
http://www.wikidata.org/entity/Q2529982,The New York Times Company,26
http://www.wikidata.org/entity/Q26281,Eurovision Young Dancers,26
http://www.wikidata.org/entity/Q1187807,Miss Frankrike,26
http://www.wikidata.org/entity/Q28736747,Marvel's Cloak & Dagger,26
http://www.wikidata.org/entity/Q738135,Aspyr,25
http://www.wikidata.org/entity/Q502698,Tysklands inrikesministerium,25
http://www.wikidata.org/entity/Q367205,Taschen,25
http://www.wikidata.org/entity/Q1423960,Open University of Israel,25
http://www.wikidata.org/entity/Q1431868,Alfred A. Knopf,25
http://www.wikidata.org/entity/Q3349399,Sahitya Akademi,25
http://www.wikidata.org/entity/Q907357,Monolith Productions,25
http://www.wikidata.org/entity/Q912279,Punk'd,25
http://www.wikidata.org/entity/Q995863,Brøderbund,24
http://www.wikidata.org/entity/Q1062171,The 3DO Company,24
http://www.wikidata.org/entity/Q297315,ASCII Media Works,24
http://www.wikidata.org/entity/Q336811,Q336811,24
http://www.wikidata.org/entity/Q390074,Houghton Mifflin Harcourt,24
http://www.wikidata.org/entity/Q1423559,Larry King Live,24
http://www.wikidata.org/entity/Q1247342,Mykolas Romeris University,24
http://www.wikidata.org/entity/Q5861276,Masterchef,24
http://www.wikidata.org/entity/Q1901416,Världens starkaste man,24
http://www.wikidata.org/entity/Q116909156,The Night Agent,24
http://www.wikidata.org/entity/Q431286,Pimp My Ride,24
http://www.wikidata.org/entity/Q674686,Level-5,23
http://www.wikidata.org/entity/Q958101,Jagex,23
http://www.wikidata.org/entity/Q475424,National Bureau of Economic Research,23
http://www.wikidata.org/entity/Q210081,Walters Art Museum,23
http://www.wikidata.org/entity/Q586581,Deutscher Gewerkschaftsbund,23
http://www.wikidata.org/entity/Q1089788,Kyrkan i Wales,23
http://www.wikidata.org/entity/Q1438747,Vremja,23
http://www.wikidata.org/entity/Q1241628,Naked News,23
http://www.wikidata.org/entity/Q1138556,La Fémis,23
http://www.wikidata.org/entity/Q911173,Chemical Abstracts Service,23
http://www.wikidata.org/entity/Q2674710,Dancing with the Stars,23
http://www.wikidata.org/entity/Q911673,Longman,23
http://www.wikidata.org/entity/Q1065097,O'Reilly Media,23
http://www.wikidata.org/entity/Q1190886,The Japan Times,23
http://www.wikidata.org/entity/Q28856068,Survivor,23
http://www.wikidata.org/entity/Q188374,Festivali i Këngës,23
http://www.wikidata.org/entity/Q1102214,NRJ Music Awards,23
http://www.wikidata.org/entity/Q2778411,Egyptian National Library and Archives,23
http://www.wikidata.org/entity/Q4806100,11 Bit Studios,22
http://www.wikidata.org/entity/Q1335998,Tomy,22
http://www.wikidata.org/entity/Q553658,Deep Silver,22
http://www.wikidata.org/entity/Q634246,Breitkopf & Härtel,22
http://www.wikidata.org/entity/Q377579,Baltimore Museum of Art,22
http://www.wikidata.org/entity/Q540891,Nielsen Company,22
http://www.wikidata.org/entity/Q419352,Akita Shoten,22
http://www.wikidata.org/entity/Q324689,Bambergs statsbibliotek,22
http://www.wikidata.org/entity/Q685162,Schwules Museum,22
http://www.wikidata.org/entity/Q199296,Ziff Davis,22
http://www.wikidata.org/entity/Q1340702,Janes,22
http://www.wikidata.org/entity/Q108809568,Twenty-Five Twenty-One,22
http://www.wikidata.org/entity/Q466760,Tomorrow's Pioneers,22
http://www.wikidata.org/entity/Q1262315,Pulas filmfestival,22
http://www.wikidata.org/entity/Q15085475,Panini SpA,22
http://www.wikidata.org/entity/Q836469,Friedrich Ebert-stiftelsen,22
http://www.wikidata.org/entity/Q164304,Deal or No Deal,22
http://www.wikidata.org/entity/Q1998811,North-West University,22
http://www.wikidata.org/entity/Q696289,The Simple Life,22
http://www.wikidata.org/entity/Q2720582,Real Academia de la Historia,22
http://www.wikidata.org/entity/Q1076074,Palgrave Macmillan,22
http://www.wikidata.org/entity/Q1197928,The View,22
http://www.wikidata.org/entity/Q865612,So You Think You Can Dance,22
http://www.wikidata.org/entity/Q1351415,Peace Now,22
http://www.wikidata.org/entity/Q1719898,Moskvas luftfartsinstitut,22
http://www.wikidata.org/entity/Q339228,Q339228,21
http://www.wikidata.org/entity/Q753684,Atari SA,21
http://www.wikidata.org/entity/Q4042609,Larian Studios,21
http://www.wikidata.org/entity/Q2068658,505 Games,21
http://www.wikidata.org/entity/Q921944,Focus Home Interactive,21
http://www.wikidata.org/entity/Q1372258,Tokuma Shoten,21
http://www.wikidata.org/entity/Q1384984,Team17,21
http://www.wikidata.org/entity/Q372245,Council on Vertical Urbanism,21
http://www.wikidata.org/entity/Q767319,Wiley-Blackwell,21
http://www.wikidata.org/entity/Q954828,CRC Press,21
http://www.wikidata.org/entity/Q257913,Kōhaku Uta Gassen,21
http://www.wikidata.org/entity/Q604109,Dansk Melodi Grand Prix,21
http://www.wikidata.org/entity/Q30133334,DAZN,21
http://www.wikidata.org/entity/Q1543201,"TSR, Inc.",21
http://www.wikidata.org/entity/Q1552981,Gubkin-universitetet för olja och gas,21
http://www.wikidata.org/entity/Q17487202,Non-Summit,21
http://www.wikidata.org/entity/Q921536,Viking Press,21
http://www.wikidata.org/entity/Q30965709,Vidbir,21
http://www.wikidata.org/entity/Q80146705,Rise of Empires: Ottoman,21
http://www.wikidata.org/entity/Q143085,Zecchino d'Oro,21
http://www.wikidata.org/entity/Q99955255,Maid,21
http://www.wikidata.org/entity/Q940089,X Factor USA,21
http://www.wikidata.org/entity/Q2156372,American Geographical Society,21
