artist,artistLabel,sitelinks
http://www.wikidata.org/entity/Q505476,Avicii,88
http://www.wikidata.org/entity/Q173144,Agnetha Fältskog,82
http://www.wikidata.org/entity/Q153159,Q153159,78
http://www.wikidata.org/entity/Q201908,Anni-Frid Lyngstad,67
http://www.wikidata.org/entity/Q214582,Benny Andersson,62
http://www.wikidata.org/entity/Q179682,Björn Ulvaeus,61
http://www.wikidata.org/entity/Q231345,Jenny Lind,61
http://www.wikidata.org/entity/Q2420983,Sanna Nielsen,59
http://www.wikidata.org/entity/Q233951,Birgit Nilsson,54
http://www.wikidata.org/entity/Q184841,Marie Fredriksson,49
http://www.wikidata.org/entity/Q192260,Yngwie Malmsteen,48
http://www.wikidata.org/entity/Q29388200,Lil Peep,47
http://www.wikidata.org/entity/Q212524,Carola Häggkvist,47
http://www.wikidata.org/entity/Q187210,Malena Ernman,45
http://www.wikidata.org/entity/Q569408,Meshuggah,43
http://www.wikidata.org/entity/Q235440,Lotta Engberg,41
http://www.wikidata.org/entity/Q235820,Kikki Danielsson,41
http://www.wikidata.org/entity/Q217044,Franz Berwald,37
http://www.wikidata.org/entity/Q257615,Soilwork,36
http://www.wikidata.org/entity/Q233342,Neneh Cherry,36
http://www.wikidata.org/entity/Q312801,Per Gessle,35
http://www.wikidata.org/entity/Q346993,Joe Hill,35
http://www.wikidata.org/entity/Q15281410,Yung Lean,32
http://www.wikidata.org/entity/Q807482,Barbara Hendricks,32
http://www.wikidata.org/entity/Q234394,Åse Kleveland,31
http://www.wikidata.org/entity/Q455370,Jonas Åkerlund,31
http://www.wikidata.org/entity/Q19003336,Victor Crone,31
http://www.wikidata.org/entity/Q761119,Tiamat,30
http://www.wikidata.org/entity/Q346396,Joey Tempest,30
http://www.wikidata.org/entity/Q56157,Jussi Björling,30
http://www.wikidata.org/entity/Q515273,Katatonia,29
http://www.wikidata.org/entity/Q234973,Anne Sofie von Otter,29
http://www.wikidata.org/entity/Q450285,Mikael Åkerfeldt,28
http://www.wikidata.org/entity/Q285469,Siw Malmkvist,28
http://www.wikidata.org/entity/Q342686,Stefan Olsdal,27
http://www.wikidata.org/entity/Q315107,José González,27
http://www.wikidata.org/entity/Q380318,Thomas Forsberg,27
http://www.wikidata.org/entity/Q282094,Mikkey Dee,27
http://www.wikidata.org/entity/Q269812,Kristina Nilsson,27
http://www.wikidata.org/entity/Q446635,Nicolai Gedda,26
http://www.wikidata.org/entity/Q317481,Jesper Strömblad,25
http://www.wikidata.org/entity/Q708911,Bernhard Crusell,24
http://www.wikidata.org/entity/Q366614,Peter Tägtgren,24
http://www.wikidata.org/entity/Q4170757,Yohio,24
http://www.wikidata.org/entity/Q464204,Sofia Jannok,24
http://www.wikidata.org/entity/Q615625,Alexander Bard,24
http://www.wikidata.org/entity/Q262921,Anita Skorgan,24
http://www.wikidata.org/entity/Q689823,Army of Lovers,23
http://www.wikidata.org/entity/Q236505,Lisa Miskovsky,23
http://www.wikidata.org/entity/Q433733,Esbjörn Svensson,23
http://www.wikidata.org/entity/Q373669,Michael Amott,23
http://www.wikidata.org/entity/Q521623,Ola Rapace,23
http://www.wikidata.org/entity/Q959829,Robert Z'Dar,23
http://www.wikidata.org/entity/Q510973,Ingvar Wixell,23
http://www.wikidata.org/entity/Q182352,Jens Johansson,22
http://www.wikidata.org/entity/Q502896,John Norum,22
http://www.wikidata.org/entity/Q55433897,Bladee,22
http://www.wikidata.org/entity/Q19612750,Lindemann,21
http://www.wikidata.org/entity/Q435688,Wilhelm Stenhammar,21
http://www.wikidata.org/entity/Q350481,Oscar Dronjak,21
http://www.wikidata.org/entity/Q172264,Slim Borgudd,21
http://www.wikidata.org/entity/Q3374548,Anna von Hausswolff,21
http://www.wikidata.org/entity/Q7587791,Noonie Bao,21
http://www.wikidata.org/entity/Q457339,Lina Sandell,21
http://www.wikidata.org/entity/Q438786,Käbi Laretei,20
http://www.wikidata.org/entity/Q183359,Allan Pettersson,20
http://www.wikidata.org/entity/Q380316,Björn Gelotte,20
http://www.wikidata.org/entity/Q961575,Johan Agrell,20
http://www.wikidata.org/entity/Q964028,Håkan Hellström,20
http://www.wikidata.org/entity/Q1143521,Cult of Luna,19
http://www.wikidata.org/entity/Q364533,Adolf Wiklund,19
http://www.wikidata.org/entity/Q533137,Jon Nödtveidt,19
http://www.wikidata.org/entity/Q559975,Daniel Gildenlöw,19
http://www.wikidata.org/entity/Q1648800,Daniel Erlandsson,19
http://www.wikidata.org/entity/Q61751638,Einár,19
http://www.wikidata.org/entity/Q946885,Magnus Uggla,19
http://www.wikidata.org/entity/Q15731549,Ace Wilder,19
http://www.wikidata.org/entity/Q333297,Frans Michael Franzén,19
http://www.wikidata.org/entity/Q1355965,Johan Olof Wallin,19
http://www.wikidata.org/entity/Q269242,Elisabeth Söderström,19
http://www.wikidata.org/entity/Q658779,Nina Stemme,19
http://www.wikidata.org/entity/Q4964372,Magna Lykseth-Skogman,19
http://www.wikidata.org/entity/Q363596,Tim Sköld,18
http://www.wikidata.org/entity/Q389066,Jan Johansson,18
http://www.wikidata.org/entity/Q1801449,Sharlee D'Angelo,18
http://www.wikidata.org/entity/Q715605,Kenny Bräck,18
http://www.wikidata.org/entity/Q679610,Ian Haugland,18
http://www.wikidata.org/entity/Q1077383,Ola Salo,18
http://www.wikidata.org/entity/Q1779007,Daniel Svensson,18
http://www.wikidata.org/entity/Q2846128,Anders Johansson,18
http://www.wikidata.org/entity/Q2480392,Kee Marcello,18
http://www.wikidata.org/entity/Q554657,The Tallest Man on Earth,18
http://www.wikidata.org/entity/Q468134,Helen Sjöholm,18
http://www.wikidata.org/entity/Q561050,Laurentius Petri Nericius,18
http://www.wikidata.org/entity/Q1080849,Christian Lindberg,17
http://www.wikidata.org/entity/Q462191,Niklas Sundin,17
http://www.wikidata.org/entity/Q507959,Fredrik Thordendal,17
http://www.wikidata.org/entity/Q767237,Armas Järnefelt,17
http://www.wikidata.org/entity/Q1354583,Ulrik Munther,17
http://www.wikidata.org/entity/Q1688111,Lasse Holm,17
http://www.wikidata.org/entity/Q2345037,Andy La Rocque,17
http://www.wikidata.org/entity/Q2741243,Melissa Horn,17
http://www.wikidata.org/entity/Q539427,Johann Jacob Bach,17
http://www.wikidata.org/entity/Q271813,Elisabeth Olin,17
http://www.wikidata.org/entity/Q1351264,Eric Ericson,17
http://www.wikidata.org/entity/Q266549,iamamiwhoami,16
http://www.wikidata.org/entity/Q725351,John Levén,16
http://www.wikidata.org/entity/Q44828,Timbuktu,16
http://www.wikidata.org/entity/Q297835,Sophie Zelmani,16
http://www.wikidata.org/entity/Q2355637,Jonas Renkse,16
http://www.wikidata.org/entity/Q440805,Christopher Amott,16
http://www.wikidata.org/entity/Q526545,Dan Swanö,16
http://www.wikidata.org/entity/Q720741,Georg Ericson,16
http://www.wikidata.org/entity/Q712236,Roine Stolt,16
http://www.wikidata.org/entity/Q713270,Ulf Lundell,16
http://www.wikidata.org/entity/Q959391,Hilding Rosenberg,16
http://www.wikidata.org/entity/Q451402,Valborg Aulin,16
http://www.wikidata.org/entity/Q966593,Fredrik Åkesson,16
http://www.wikidata.org/entity/Q562541,Ola Brunkert,16
http://www.wikidata.org/entity/Q861420,Christofer Johnsson,16
http://www.wikidata.org/entity/Q1236566,Robert Wells,16
http://www.wikidata.org/entity/Q2089260,Adrian Erlandsson,16
http://www.wikidata.org/entity/Q2014441,Peter Lindgren,16
http://www.wikidata.org/entity/Q2427845,Björn Afzelius,16
http://www.wikidata.org/entity/Q127340,Miss Li,16
http://www.wikidata.org/entity/Q28531431,Faia Younan,16
http://www.wikidata.org/entity/Q4962829,Berit Lindholm,16
http://www.wikidata.org/entity/Q23007299,Wintergatan,15
http://www.wikidata.org/entity/Q818046,Benny Borg,15
http://www.wikidata.org/entity/Q137445,Tomas Haake,15
http://www.wikidata.org/entity/Q704992,Ludvig Norman,15
http://www.wikidata.org/entity/Q1348163,Erland von Koch,15
http://www.wikidata.org/entity/Q1378879,Povel Ramel,15
http://www.wikidata.org/entity/Q22082517,Molly Nilsson,15
http://www.wikidata.org/entity/Q2599500,Maja Ivarsson,15
http://www.wikidata.org/entity/Q1505766,Georg Riedel,15
http://www.wikidata.org/entity/Q724956,Jens Lekman,15
http://www.wikidata.org/entity/Q1796695,Ellen Gulbranson,15
http://www.wikidata.org/entity/Q2708137,Sigrid Arnoldson,15
http://www.wikidata.org/entity/Q1458248,The Poodles,14
http://www.wikidata.org/entity/Q1785962,Persone,14
http://www.wikidata.org/entity/Q692240,Arne Domnérus,14
http://www.wikidata.org/entity/Q254518,Astrid Varnay,14
http://www.wikidata.org/entity/Q271602,Anna Ternheim,14
http://www.wikidata.org/entity/Q729770,Lars Danielsson,14
http://www.wikidata.org/entity/Q1157173,Dag Wirén,14
http://www.wikidata.org/entity/Q383821,"Janne ""Loffe"" Carlsson",14
http://www.wikidata.org/entity/Q1082262,Andreas Kleerup,14
http://www.wikidata.org/entity/Q2578127,Snowy Shaw,14
http://www.wikidata.org/entity/Q1985895,Niclas Engelin,14
http://www.wikidata.org/entity/Q16946297,Silvana Imam,14
http://www.wikidata.org/entity/Q3180104,Niklas Kvarforth,14
http://www.wikidata.org/entity/Q84323645,Ecco2K,14
http://www.wikidata.org/entity/Q2857741,Edda Magnason,14
http://www.wikidata.org/entity/Q710593,Otto Lindblad,14
http://www.wikidata.org/entity/Q29641372,Tobias Forge,14
http://www.wikidata.org/entity/Q26835667,Tommy Johansson,14
http://www.wikidata.org/entity/Q525152,Salem Al Fakir,14
http://www.wikidata.org/entity/Q4940969,Pauline Brunius,14
http://www.wikidata.org/entity/Q650668,Nils Landgren,13
http://www.wikidata.org/entity/Q138143,Mårten Hagström,13
http://www.wikidata.org/entity/Q370899,Jan Lundgren,13
http://www.wikidata.org/entity/Q434162,Maia Hirasawa,13
http://www.wikidata.org/entity/Q441130,Kattis Ahlström,13
http://www.wikidata.org/entity/Q527705,Emil Sjögren,13
http://www.wikidata.org/entity/Q726556,Bengt Hallberg,13
http://www.wikidata.org/entity/Q26029,Mika Karppinen,13
http://www.wikidata.org/entity/Q952137,Mattias Eklundh,13
http://www.wikidata.org/entity/Q1383979,Rune Gustafsson,13
http://www.wikidata.org/entity/Q4989335,Laura Netzel,13
http://www.wikidata.org/entity/Q11993311,Ola Englund,13
http://www.wikidata.org/entity/Q1384168,Mats Gustafsson,13
http://www.wikidata.org/entity/Q788482,Bobo Stenson,13
http://www.wikidata.org/entity/Q1603685,Rutger Gunnarsson,13
http://www.wikidata.org/entity/Q27031728,Mike Perry,13
http://www.wikidata.org/entity/Q2418625,Fredrik Kempe,13
http://www.wikidata.org/entity/Q1822069,Lewi Pethrus,13
http://www.wikidata.org/entity/Q60194917,Winona Oak,13
http://www.wikidata.org/entity/Q856272,Bibi Johns,13
http://www.wikidata.org/entity/Q6196673,Pär Sundström,13
http://www.wikidata.org/entity/Q1347620,Francesco Antonio Uttini,13
http://www.wikidata.org/entity/Q663892,Leif Edling,12
http://www.wikidata.org/entity/Q961572,Martin Fröst,12
http://www.wikidata.org/entity/Q440081,Fredrika Stahl,12
http://www.wikidata.org/entity/Q547835,Glenn Ljungström,12
http://www.wikidata.org/entity/Q723445,Janne Schaffer,12
http://www.wikidata.org/entity/Q953416,Mathias Färm,12
http://www.wikidata.org/entity/Q2607278,Tony Reno,12
http://www.wikidata.org/entity/Q2706536,Martin Axenrot,12
http://www.wikidata.org/entity/Q1675681,Ivar Hallström,12
http://www.wikidata.org/entity/Q1554806,Gunnar de Frumerie,12
http://www.wikidata.org/entity/Q1736370,Nicke Andersson,12
http://www.wikidata.org/entity/Q2457132,Fredrik Nordström,12
http://www.wikidata.org/entity/Q3353749,Mike Wead,12
http://www.wikidata.org/entity/Q2658292,Solar Fields,12
http://www.wikidata.org/entity/Q4968368,Helena Munktell,12
http://www.wikidata.org/entity/Q6199100,Peter Svensson,12
http://www.wikidata.org/entity/Q6167207,Jay Smith,12
http://www.wikidata.org/entity/Q2651539,Lisa Werlinder,12
http://www.wikidata.org/entity/Q764212,August Söderman,12
http://www.wikidata.org/entity/Q210123,Caroline af Ugglas,12
http://www.wikidata.org/entity/Q719957,Christer Sjögren,12
http://www.wikidata.org/entity/Q4935915,Pernilla Andersson,12
http://www.wikidata.org/entity/Q2712027,Marcel Jacob,12
http://www.wikidata.org/entity/Q636426,Carl Olof Rosenius,12
http://www.wikidata.org/entity/Q704851,Wolfgang Meusslin,12
http://www.wikidata.org/entity/Q1674617,Israel Kolmodin,12
http://www.wikidata.org/entity/Q78364,Sigrid Onégin,12
http://www.wikidata.org/entity/Q456028,Henriette Nissen-Saloman,12
http://www.wikidata.org/entity/Q521330,Malin Hartelius,12
http://www.wikidata.org/entity/Q3068590,Kerstin Meyer,12
http://www.wikidata.org/entity/Q4953051,Signe Hebbe,12
http://www.wikidata.org/entity/Q4968733,Dagmar Möller,12
http://www.wikidata.org/entity/Q4973757,Isa Quensel,12
http://www.wikidata.org/entity/Q4976586,Ulla Sallert,12
http://www.wikidata.org/entity/Q349695,Eje Thelin,11
http://www.wikidata.org/entity/Q765808,Petter,11
http://www.wikidata.org/entity/Q1785607,Promoe,11
http://www.wikidata.org/entity/Q457863,Ingeborg Bronsart von Schellendorf,11
http://www.wikidata.org/entity/Q2713323,Martin Henriksson,11
http://www.wikidata.org/entity/Q629243,Ingvar Lidholm,11
http://www.wikidata.org/entity/Q1170564,Klas Åhlund,11
http://www.wikidata.org/entity/Q1356552,Sixten Ehrling,11
http://www.wikidata.org/entity/Q1933016,Mikael Wiehe,11
http://www.wikidata.org/entity/Q1812220,Björn J:son Lindh,11
http://www.wikidata.org/entity/Q1369090,Palle Danielsson,11
http://www.wikidata.org/entity/Q2626275,Jojje Wadenius,11
http://www.wikidata.org/entity/Q5563676,Karl Backman,11
http://www.wikidata.org/entity/Q740220,Bernt Rosengren,11
http://www.wikidata.org/entity/Q16774610,Ilya Salmanzadeh,11
http://www.wikidata.org/entity/Q1398777,Fred Åkerström,11
http://www.wikidata.org/entity/Q935691,Laurentius Petri Gothus,11
http://www.wikidata.org/entity/Q3427152,Emmy Köhler,11
http://www.wikidata.org/entity/Q462906,Anna-Lena Löfgren,11
http://www.wikidata.org/entity/Q509482,Per Grundén,11
http://www.wikidata.org/entity/Q455629,Miah Persson,11
http://www.wikidata.org/entity/Q897346,Set Svanholm,11
http://www.wikidata.org/entity/Q3436152,Julie Berwald,11
http://www.wikidata.org/entity/Q1369895,Ester Textorius,11
http://www.wikidata.org/entity/Q4952198,Margareta Hallin,11
http://www.wikidata.org/entity/Q3772927,Gösta Winbergh,11
http://www.wikidata.org/entity/Q358115,Jan Allan,10
http://www.wikidata.org/entity/Q491093,Anders Jormin,10
http://www.wikidata.org/entity/Q68216,Werner Wolf Glaser,10
http://www.wikidata.org/entity/Q327530,Olof Åhlström,10
http://www.wikidata.org/entity/Q354095,Per Enflo,10
http://www.wikidata.org/entity/Q4941876,Gunhild Carling,10
http://www.wikidata.org/entity/Q501007,Dregen,10
http://www.wikidata.org/entity/Q726290,Björn Dixgård,10
http://www.wikidata.org/entity/Q923881,Marianne Ehrenström,10
http://www.wikidata.org/entity/Q4348368,Markoolio,10
http://www.wikidata.org/entity/Q570444,Herman Berens den äldre,10
http://www.wikidata.org/entity/Q1374309,Lars Gullin,10
http://www.wikidata.org/entity/Q586975,Marina Schiptjenko,10
http://www.wikidata.org/entity/Q2340330,Magnus Rosén,10
http://www.wikidata.org/entity/Q2745512,Robert Schultzberg,10
http://www.wikidata.org/entity/Q3090726,Stefan Örn,10
http://www.wikidata.org/entity/Q3365684,Édouard du Puy,10
http://www.wikidata.org/entity/Q4958373,Lo Kauppi,10
http://www.wikidata.org/entity/Q2780845,Bo Linde,10
http://www.wikidata.org/entity/Q4954505,Emelie Holmberg,10
http://www.wikidata.org/entity/Q6087113,Chris Rörland,10
http://www.wikidata.org/entity/Q713454,Svenne Hedlund,10
http://www.wikidata.org/entity/Q905203,Pugh Rogefeldt,10
http://www.wikidata.org/entity/Q3011336,Méndez,10
http://www.wikidata.org/entity/Q137156,Dick Lövgren,10
http://www.wikidata.org/entity/Q4566209,Ylva Eggehorn,10
http://www.wikidata.org/entity/Q456677,Iréne Theorin,10
http://www.wikidata.org/entity/Q1772882,Ivar F. Andrésen,10
http://www.wikidata.org/entity/Q1778583,Aase Nordmo Løvberg,10
http://www.wikidata.org/entity/Q4916278,Birgit Nordin,10
http://www.wikidata.org/entity/Q1390046,Peter Mattei,10
http://www.wikidata.org/entity/Q4354921,Bertha Tammelin,10
http://www.wikidata.org/entity/Q980879,Putte Wickman,9
http://www.wikidata.org/entity/Q1260343,Dror Feiler,9
http://www.wikidata.org/entity/Q7085856,Olle Holmquist,9
http://www.wikidata.org/entity/Q2266600,Jonas Björler,9
http://www.wikidata.org/entity/Q353092,Ulf Wakenius,9
http://www.wikidata.org/entity/Q692496,Arne Hülphers,9
http://www.wikidata.org/entity/Q920770,Sven-David Sandström,9
http://www.wikidata.org/entity/Q704614,Jacob Niclas Ahlström,9
http://www.wikidata.org/entity/Q1377235,Nicholaus Arson,9
http://www.wikidata.org/entity/Q1195141,Ika Peyron,9
http://www.wikidata.org/entity/Q2613205,Anders Jivarp,9
http://www.wikidata.org/entity/Q2503663,Dave Lepard,9
http://www.wikidata.org/entity/Q1158994,Dan Berglund,9
http://www.wikidata.org/entity/Q2725622,Pontus Norgren,9
http://www.wikidata.org/entity/Q3141598,Joakim Thåström,9
http://www.wikidata.org/entity/Q79823084,1.Cuz,9
http://www.wikidata.org/entity/Q4753736,Anders Björler,9
http://www.wikidata.org/entity/Q118383539,C.Gambino,9
http://www.wikidata.org/entity/Q1818002,Lennart Åberg,9
http://www.wikidata.org/entity/Q725422,Magnus Lindgren,9
http://www.wikidata.org/entity/Q1993141,Tor Mann,9
http://www.wikidata.org/entity/Q4956714,Åsa Jinder,9
http://www.wikidata.org/entity/Q322836,Erik Tulindberg,9
http://www.wikidata.org/entity/Q446015,Nina Kinert,9
http://www.wikidata.org/entity/Q1686922,Jennie Abrahamson,9
http://www.wikidata.org/entity/Q4969649,Josefin Nilsson,9
http://www.wikidata.org/entity/Q748553,Jesper Swedberg,9
http://www.wikidata.org/entity/Q370216,Haquin Spegel,9
http://www.wikidata.org/entity/Q79791907,Linnea Södahl,9
http://www.wikidata.org/entity/Q4354430,Britt G. Hallqvist,9
http://www.wikidata.org/entity/Q931637,Carl-Johan Vallgren,9
http://www.wikidata.org/entity/Q275406,Catarina Ligendza,9
http://www.wikidata.org/entity/Q1040710,Carl Stenborg,9
http://www.wikidata.org/entity/Q948978,Thomas Vikström,9
http://www.wikidata.org/entity/Q2059092,Kerstin Thorborg,9
http://www.wikidata.org/entity/Q4943845,Sophie Cysch,9
http://www.wikidata.org/entity/Q4944538,Kjerstin Dellert,9
http://www.wikidata.org/entity/Q4681829,Adelaide Skilondz,9
http://www.wikidata.org/entity/Q1325598,Karin Branzell,9
http://www.wikidata.org/entity/Q515076,Folke Rabe,8
http://www.wikidata.org/entity/Q188208,Åke Persson,8
http://www.wikidata.org/entity/Q183451,Oscar Byström,8
http://www.wikidata.org/entity/Q323435,Jacob Adolf Hägg,8
http://www.wikidata.org/entity/Q325094,Hans Leygraf,8
http://www.wikidata.org/entity/Q462791,Anna Charlier,8
http://www.wikidata.org/entity/Q1811264,Ken Ring,8
http://www.wikidata.org/entity/Q24731,Harry Arnold,8
http://www.wikidata.org/entity/Q504616,Yngve Sköld,8
http://www.wikidata.org/entity/Q2638205,Byz,8
http://www.wikidata.org/entity/Q467544,Michelle Meldrum,8
http://www.wikidata.org/entity/Q5216357,Daniel Adams-Ray,8
http://www.wikidata.org/entity/Q729135,Nils Lindberg,8
http://www.wikidata.org/entity/Q1550949,Johan Fredrik Berwald,8
http://www.wikidata.org/entity/Q966779,Magnus Öström,8
http://www.wikidata.org/entity/Q1459831,Peps Persson,8
http://www.wikidata.org/entity/Q1195436,Aurore von Haxthausen,8
http://www.wikidata.org/entity/Q1398058,Sven-Erik Magnusson,8
http://www.wikidata.org/entity/Q2642706,Tomas Asklund,8
http://www.wikidata.org/entity/Q1807090,Olle Ljungström,8
http://www.wikidata.org/entity/Q2604280,Stefan Elmgren,8
http://www.wikidata.org/entity/Q3277287,Patrik Jensen,8
http://www.wikidata.org/entity/Q3499149,Patrik Isaksson,8
http://www.wikidata.org/entity/Q23044709,Fanny Avonne,8
http://www.wikidata.org/entity/Q3429588,Jakob Hellman,8
http://www.wikidata.org/entity/Q4962439,Marie Lindberg,8
http://www.wikidata.org/entity/Q4944997,Monica Dominique,8
http://www.wikidata.org/entity/Q6132026,Roland Pöntinen,8
http://www.wikidata.org/entity/Q11715779,Jakob Lindberg,8
http://www.wikidata.org/entity/Q590896,Anton Jörgen Andersen,8
http://www.wikidata.org/entity/Q370286,Frans Helmerson,8
http://www.wikidata.org/entity/Q453469,El Perro del Mar,8
http://www.wikidata.org/entity/Q1381616,Nicolai Dunger,8
http://www.wikidata.org/entity/Q4955568,Amanda Bergman,8
http://www.wikidata.org/entity/Q4971348,Mathilda d'Orozco,8
http://www.wikidata.org/entity/Q327853,C.V.A. Strandberg,8
http://www.wikidata.org/entity/Q719062,John Larsson,8
http://www.wikidata.org/entity/Q706197,Gunnar Wiklund,8
http://www.wikidata.org/entity/Q984594,Göran Söllscher,8
http://www.wikidata.org/entity/Q29582504,Rhys,8
http://www.wikidata.org/entity/Q998221,Friedrich Jürgensson,8
http://www.wikidata.org/entity/Q1735616,Katarina Karnéus,8
http://www.wikidata.org/entity/Q3109655,Torsten Ralf,8
http://www.wikidata.org/entity/Q1081170,Birgit Finnilä,8
http://www.wikidata.org/entity/Q4961854,Adelaide Leuhusen,8
http://www.wikidata.org/entity/Q4352788,Nanny Larsén-Todsen,8
http://www.wikidata.org/entity/Q4457269,Camilla Tilling,8
http://www.wikidata.org/entity/Q4495112,Ann Hallenberg,8
http://www.wikidata.org/entity/Q4977710,Hjördis Schymberg,8
http://www.wikidata.org/entity/Q1139251,Crazy Lixx,7
http://www.wikidata.org/entity/Q984394,Melodie MC,7
http://www.wikidata.org/entity/Q1056689,Peter Olsson,7
http://www.wikidata.org/entity/Q186332,Matti Bye,7
http://www.wikidata.org/entity/Q2631840,Adam Tensta,7
http://www.wikidata.org/entity/Q866890,Håkan von Eichwald,7
http://www.wikidata.org/entity/Q3064782,Swingfly,7
http://www.wikidata.org/entity/Q4348115,Kalle Moraeus,7
http://www.wikidata.org/entity/Q1358621,Ernst Ellberg,7
http://www.wikidata.org/entity/Q1807561,Sten Broman,7
http://www.wikidata.org/entity/Q1374960,Lars Sjösten,7
http://www.wikidata.org/entity/Q3324777,Chris Dangerous,7
http://www.wikidata.org/entity/Q2440968,Tommy Denander,7
http://www.wikidata.org/entity/Q3703326,David Sandström,7
http://www.wikidata.org/entity/Q1994924,Stig Westerberg,7
http://www.wikidata.org/entity/Q2443762,Torbjörn Iwan Lundquist,7
http://www.wikidata.org/entity/Q3370191,Reine Fiske,7
http://www.wikidata.org/entity/Q4951121,Kajsa Grytt,7
http://www.wikidata.org/entity/Q5238400,Blackmoon,7
http://www.wikidata.org/entity/Q4356729,Ola Magnell,7
http://www.wikidata.org/entity/Q4941458,Py Bäckman,7
http://www.wikidata.org/entity/Q4942160,Anna Casparsson,7
http://www.wikidata.org/entity/Q4887793,Bengt Forsberg,7
http://www.wikidata.org/entity/Q6086362,Mats Rådberg,7
http://www.wikidata.org/entity/Q5791694,Wilhelm Harteveld,7
http://www.wikidata.org/entity/Q5807802,Magnus Hjorth,7
http://www.wikidata.org/entity/Q5745166,Göran Fristorp,7
http://www.wikidata.org/entity/Q131480991,Gaboro,7
http://www.wikidata.org/entity/Q1692102,Johan Wikmanson,7
http://www.wikidata.org/entity/Q5340378,Eduard Brendler,7
http://www.wikidata.org/entity/Q284419,Lasse Lindh,7
http://www.wikidata.org/entity/Q4755393,Andreas Brantelid,7
http://www.wikidata.org/entity/Q5801673,Svante Henryson,7
http://www.wikidata.org/entity/Q1739532,Tomas Andersson Wij,7
http://www.wikidata.org/entity/Q1806034,Frida Öhrn,7
http://www.wikidata.org/entity/Q4962974,Elisa Lindström,7
http://www.wikidata.org/entity/Q982807,Christian Kjellvander,7
http://www.wikidata.org/entity/Q963388,Peter von Poehl,7
http://www.wikidata.org/entity/Q330793,Einar Billing,7
http://www.wikidata.org/entity/Q3374521,Nils Frykman,7
http://www.wikidata.org/entity/Q3429409,Joël Blomqvist,7
http://www.wikidata.org/entity/Q30229781,Sara Hjellström,7
http://www.wikidata.org/entity/Q724958,Håkan Hagegård,7
http://www.wikidata.org/entity/Q913068,Valborg Werbeck-Svärdström,7
http://www.wikidata.org/entity/Q4946024,Selma Ek,7
http://www.wikidata.org/entity/Q4933632,Eufrosyne Abrahamson,7
http://www.wikidata.org/entity/Q4949179,Elisabet Frösslind,7
http://www.wikidata.org/entity/Q3292086,Marie Louise Marcadet,7
http://www.wikidata.org/entity/Q2960976,Charlotta Eckerman,7
http://www.wikidata.org/entity/Q3025341,Lovisa Augusti,7
http://www.wikidata.org/entity/Q3087625,Tito Beltrán,7
http://www.wikidata.org/entity/Q5929206,Felix Körling,7
http://www.wikidata.org/entity/Q4951102,Rosa Grünberg,7
http://www.wikidata.org/entity/Q4351832,John Forsell,7
http://www.wikidata.org/entity/Q89216,Laci Boldemann,6
http://www.wikidata.org/entity/Q348837,Åke Hasselgård,6
http://www.wikidata.org/entity/Q361096,Ebbe Grims-land,6
http://www.wikidata.org/entity/Q90588,Abraham Baer,6
http://www.wikidata.org/entity/Q742863,Johan Christher Schütz,6
http://www.wikidata.org/entity/Q15624500,Ellen Nisbeth,6
http://www.wikidata.org/entity/Q725658,Mieszko Talarczyk,6
http://www.wikidata.org/entity/Q175272,Stefan Borsch,6
http://www.wikidata.org/entity/Q454452,Egil Johansen,6
http://www.wikidata.org/entity/Q7184787,Serhado,6
http://www.wikidata.org/entity/Q1995826,Ole Öhman,6
http://www.wikidata.org/entity/Q1795043,Bård Torstensen,6
http://www.wikidata.org/entity/Q22667567,Albin Johnsén,6
http://www.wikidata.org/entity/Q3355782,Markus Mustonen,6
http://www.wikidata.org/entity/Q1806251,Lars Jansson,6
http://www.wikidata.org/entity/Q47506213,Jireel,6
http://www.wikidata.org/entity/Q57245626,ADL,6
http://www.wikidata.org/entity/Q6254806,Morgan Ågren,6
http://www.wikidata.org/entity/Q3325420,Vigilante Carlstroem,6
http://www.wikidata.org/entity/Q3355505,Sami Sirviö,6
http://www.wikidata.org/entity/Q79071898,Greekazo,6
http://www.wikidata.org/entity/Q3063028,Fredrik Ullén,6
http://www.wikidata.org/entity/Q3430211,Staffan Scheja,6
http://www.wikidata.org/entity/Q4065295,Richard Andersson,6
http://www.wikidata.org/entity/Q4935182,Ruth Almén,6
http://www.wikidata.org/entity/Q4938871,Astrid Berwald,6
http://www.wikidata.org/entity/Q4982446,Hilda Thegerström,6
http://www.wikidata.org/entity/Q4989450,Natalya Pasichnyk,6
http://www.wikidata.org/entity/Q5085312,Charlie Norman,6
http://www.wikidata.org/entity/Q5782548,Daniel Haglund,6
http://www.wikidata.org/entity/Q4795339,Arnold Östman,6
http://www.wikidata.org/entity/Q5993116,Olallo Morales,6
http://www.wikidata.org/entity/Q6177304,Niklas Sivelöv,6
http://www.wikidata.org/entity/Q6235215,Lasse Wellander,6
http://www.wikidata.org/entity/Q5709073,Anders Eljas,6
http://www.wikidata.org/entity/Q5715756,Artur Erikson,6
http://www.wikidata.org/entity/Q5734507,Henrik Flyman,6
http://www.wikidata.org/entity/Q15734570,Mansoor Hosseini,6
http://www.wikidata.org/entity/Q353099,Jonas Kullhammar,6
http://www.wikidata.org/entity/Q1453276,Fredrik Ljungkvist,6
http://www.wikidata.org/entity/Q2440389,Tomas Franck,6
http://www.wikidata.org/entity/Q4353064,Bo Sundström,6
http://www.wikidata.org/entity/Q16633234,Gustav Lundgren,6
http://www.wikidata.org/entity/Q4583327,Staffan William-Olsson,6
http://www.wikidata.org/entity/Q4976755,Ida Sand,6
http://www.wikidata.org/entity/Q5780565,Zilas Görling,6
http://www.wikidata.org/entity/Q2960096,Charles Redland,6
http://www.wikidata.org/entity/Q64618436,Karin Langebo,6
http://www.wikidata.org/entity/Q4951174,Britta Gröndahl,6
http://www.wikidata.org/entity/Q2729426,Loney dear,6
http://www.wikidata.org/entity/Q5572411,Joel Berglund,6
http://www.wikidata.org/entity/Q4804497,Asha Ali,6
http://www.wikidata.org/entity/Q4346201,Sven Scholander,6
http://www.wikidata.org/entity/Q3375551,Eva Eastwood,6
http://www.wikidata.org/entity/Q4993217,Jonathan Johansson,6
http://www.wikidata.org/entity/Q4579229,Stefan Sundström,6
http://www.wikidata.org/entity/Q3325430,Dr. Matt Destruction,6
http://www.wikidata.org/entity/Q3429468,Nils Bolander,6
http://www.wikidata.org/entity/Q4356835,Jan Håkan Åberg,6
http://www.wikidata.org/entity/Q3429442,Edvard Evers,6
http://www.wikidata.org/entity/Q1673538,Isabel Edvardsson,6
http://www.wikidata.org/entity/Q1781808,Harry Brandelius,6
http://www.wikidata.org/entity/Q16733732,Linnea Olsson,6
http://www.wikidata.org/entity/Q5735504,Herbert Sandberg,6
http://www.wikidata.org/entity/Q28047160,Adam Grahn,6
http://www.wikidata.org/entity/Q1405923,Ferdinand Zellbell den yngre,6
http://www.wikidata.org/entity/Q95363,Franziska Stading,6
http://www.wikidata.org/entity/Q434506,Justina Casagli,6
http://www.wikidata.org/entity/Q530452,Lisa Larsson,6
http://www.wikidata.org/entity/Q4916301,Birgitta Svendén,6
http://www.wikidata.org/entity/Q4938609,Leocadi Bergnéhr-Fossmo,6
http://www.wikidata.org/entity/Q4948585,Elisabeth Forsselius,6
http://www.wikidata.org/entity/Q4949249,Wilhelmina Fundin,6
http://www.wikidata.org/entity/Q3292377,Marie Baptiste,6
http://www.wikidata.org/entity/Q3377488,Sven-Olof Sandberg,6
http://www.wikidata.org/entity/Q5969896,Kjell Lönnå,6
http://www.wikidata.org/entity/Q530385,Gustaf Sjökvist,6
http://www.wikidata.org/entity/Q1329502,Elin Rombo,6
http://www.wikidata.org/entity/Q4949748,Mathilda Gelhaar,6
http://www.wikidata.org/entity/Q4950155,Elna Gistedt,6
http://www.wikidata.org/entity/Q4953806,Brita Hertzberg,6
http://www.wikidata.org/entity/Q4957567,Matilda Jungstedt,6
http://www.wikidata.org/entity/Q4960076,Carolina Kuhlman,6
http://www.wikidata.org/entity/Q4353724,Johanna von Schoultz,6
http://www.wikidata.org/entity/Q4975508,Margit Rosengren,6
